exceptions@;@times
java.lang.IllegalArgumentException@;@6
java.lang.ClassNotFoundException@;@4
java.lang.AssertionError@;@14
java.io.FileNotFoundException@;@3
java.lang.OutOfMemoryError@;@7
java.lang.IllegalStateException@;@6
java.io.IOException@;@8
java.lang.RuntimeException@;@4
java.lang.NoClassDefFoundError@;@2
java.lang.UnsupportedOperationException@;@2
java.lang.ArrayIndexOutOfBoundsException@;@3
java.lang.NegativeArraySizeException@;@1
java.nio.file.AccessDeniedException@;@1
org.junit.ComparisonFailure@;@3
org.junit.internal.runners.model.MultipleFailureException@;@5
java.lang.NullPointerException@;@2
java.lang.Exception@;@1
