Test Method,# configuration parameter,Configuration Key
org.apache.hadoop.hive.druid.TestDruidStorageHandler#testCommitCreateEmptyTablePlusCommitDropTableWithoutPurge,14,[hive.metastore.uris=;metastore.thrift.uris=null;hive.additional.config.files=;hive.metastore.ds.retry.attempts=null;hive.metastore.ds.retry.interval=null;hive.aux.jars.path=null;hive.metastore.schema.verification=true;hive.conf.validation=true;hive.conf.restricted.list=hive.security.authenticator.manager,hive.security.authorization.manager,hive.security.metastore.authorization.manager,hive.security.metastore.authenticator.manager,hive.users.in.admin.role,hive.server2.xsrf.filter.enabled,hive.security.authorization.enabled,hive.distcp.privileged.doAs,hive.server2.authentication.ldap.baseDN,hive.server2.authentication.ldap.url,hive.server2.authentication.ldap.Domain,hive.server2.authentication.ldap.groupDNPattern,hive.server2.authentication.ldap.groupFilter,hive.server2.authentication.ldap.userDNPattern,hive.server2.authentication.ldap.userFilter,hive.server2.authentication.ldap.groupMembershipKey,hive.server2.authentication.ldap.userMembershipKey,hive.server2.authentication.ldap.groupClassKey,hive.server2.authentication.ldap.customLDAPQuery,hive.server2.service.users,hive.server2.graceful.stop.timeout,hive.privilege.synchronizer,hive.privilege.synchronizer.interval,hive.query.max.length,hive.druid.broker.address.default,hive.druid.coordinator.address.default,hikaricp.,hadoop.bin.path,yarn.bin.path,hive.driver.parallel.compilation.global.limit,hive.zookeeper.ssl.keystore.location,hive.zookeeper.ssl.keystore.password,hive.zookeeper.ssl.truststore.location,hive.zookeeper.ssl.truststore.password;hive.conf.internal.variable.list=hive.added.files.path,hive.added.jars.path,hive.added.archives.path;hive.conf.hidden.list=javax.jdo.option.ConnectionPassword,hive.server2.keystore.password,hive.server2.webui.keystore.password,hive.druid.metadata.password,fs.s3.awsAccessKeyId,fs.s3.awsSecretAccessKey,fs.s3n.awsAccessKeyId,fs.s3n.awsSecretAccessKey,fs.s3a.access.key,fs.s3a.secret.key,fs.s3a.proxy.password,dfs.adls.oauth2.credential,fs.adl.oauth2.credential,fs.azure.account.oauth2.client.secret,hive.zookeeper.ssl.keystore.location,hive.zookeeper.ssl.keystore.password,hive.zookeeper.ssl.truststore.location,hive.zookeeper.ssl.truststore.password;hive.druid.http.numConnection=20;hive.druid.http.read.timeout=PT1M;hive.druid.kerberos.enable=true;]
org.apache.hadoop.hive.druid.TestDruidStorageHandler#testPreCreateTableWhenDataSourceExists,14,[hive.metastore.uris=;metastore.thrift.uris=null;hive.additional.config.files=;hive.metastore.ds.retry.attempts=null;hive.metastore.ds.retry.interval=null;hive.aux.jars.path=null;hive.metastore.schema.verification=true;hive.conf.validation=true;hive.conf.restricted.list=hive.security.authenticator.manager,hive.security.authorization.manager,hive.security.metastore.authorization.manager,hive.security.metastore.authenticator.manager,hive.users.in.admin.role,hive.server2.xsrf.filter.enabled,hive.security.authorization.enabled,hive.distcp.privileged.doAs,hive.server2.authentication.ldap.baseDN,hive.server2.authentication.ldap.url,hive.server2.authentication.ldap.Domain,hive.server2.authentication.ldap.groupDNPattern,hive.server2.authentication.ldap.groupFilter,hive.server2.authentication.ldap.userDNPattern,hive.server2.authentication.ldap.userFilter,hive.server2.authentication.ldap.groupMembershipKey,hive.server2.authentication.ldap.userMembershipKey,hive.server2.authentication.ldap.groupClassKey,hive.server2.authentication.ldap.customLDAPQuery,hive.server2.service.users,hive.server2.graceful.stop.timeout,hive.privilege.synchronizer,hive.privilege.synchronizer.interval,hive.query.max.length,hive.druid.broker.address.default,hive.druid.coordinator.address.default,hikaricp.,hadoop.bin.path,yarn.bin.path,hive.driver.parallel.compilation.global.limit,hive.zookeeper.ssl.keystore.location,hive.zookeeper.ssl.keystore.password,hive.zookeeper.ssl.truststore.location,hive.zookeeper.ssl.truststore.password;hive.conf.internal.variable.list=hive.added.files.path,hive.added.jars.path,hive.added.archives.path;hive.conf.hidden.list=javax.jdo.option.ConnectionPassword,hive.server2.keystore.password,hive.server2.webui.keystore.password,hive.druid.metadata.password,fs.s3.awsAccessKeyId,fs.s3.awsSecretAccessKey,fs.s3n.awsAccessKeyId,fs.s3n.awsSecretAccessKey,fs.s3a.access.key,fs.s3a.secret.key,fs.s3a.proxy.password,dfs.adls.oauth2.credential,fs.adl.oauth2.credential,fs.azure.account.oauth2.client.secret,hive.zookeeper.ssl.keystore.location,hive.zookeeper.ssl.keystore.password,hive.zookeeper.ssl.truststore.location,hive.zookeeper.ssl.truststore.password;hive.druid.http.numConnection=20;hive.druid.http.read.timeout=PT1M;hive.druid.kerberos.enable=true;]
org.apache.hadoop.hive.druid.TestDruidStorageHandler#testCommitCreateTablePlusCommitDropTableWithoutPurge,14,[hive.metastore.uris=;metastore.thrift.uris=null;hive.additional.config.files=;hive.metastore.ds.retry.attempts=null;hive.metastore.ds.retry.interval=null;hive.aux.jars.path=null;hive.metastore.schema.verification=true;hive.conf.validation=true;hive.conf.restricted.list=hive.security.authenticator.manager,hive.security.authorization.manager,hive.security.metastore.authorization.manager,hive.security.metastore.authenticator.manager,hive.users.in.admin.role,hive.server2.xsrf.filter.enabled,hive.security.authorization.enabled,hive.distcp.privileged.doAs,hive.server2.authentication.ldap.baseDN,hive.server2.authentication.ldap.url,hive.server2.authentication.ldap.Domain,hive.server2.authentication.ldap.groupDNPattern,hive.server2.authentication.ldap.groupFilter,hive.server2.authentication.ldap.userDNPattern,hive.server2.authentication.ldap.userFilter,hive.server2.authentication.ldap.groupMembershipKey,hive.server2.authentication.ldap.userMembershipKey,hive.server2.authentication.ldap.groupClassKey,hive.server2.authentication.ldap.customLDAPQuery,hive.server2.service.users,hive.server2.graceful.stop.timeout,hive.privilege.synchronizer,hive.privilege.synchronizer.interval,hive.query.max.length,hive.druid.broker.address.default,hive.druid.coordinator.address.default,hikaricp.,hadoop.bin.path,yarn.bin.path,hive.driver.parallel.compilation.global.limit,hive.zookeeper.ssl.keystore.location,hive.zookeeper.ssl.keystore.password,hive.zookeeper.ssl.truststore.location,hive.zookeeper.ssl.truststore.password;hive.conf.internal.variable.list=hive.added.files.path,hive.added.jars.path,hive.added.archives.path;hive.conf.hidden.list=javax.jdo.option.ConnectionPassword,hive.server2.keystore.password,hive.server2.webui.keystore.password,hive.druid.metadata.password,fs.s3.awsAccessKeyId,fs.s3.awsSecretAccessKey,fs.s3n.awsAccessKeyId,fs.s3n.awsSecretAccessKey,fs.s3a.access.key,fs.s3a.secret.key,fs.s3a.proxy.password,dfs.adls.oauth2.credential,fs.adl.oauth2.credential,fs.azure.account.oauth2.client.secret,hive.zookeeper.ssl.keystore.location,hive.zookeeper.ssl.keystore.password,hive.zookeeper.ssl.truststore.location,hive.zookeeper.ssl.truststore.password;hive.druid.http.numConnection=20;hive.druid.http.read.timeout=PT1M;hive.druid.kerberos.enable=true;]
org.apache.hadoop.hive.druid.TestDruidStorageHandler#testCommitInsertOverwriteTable,14,[hive.metastore.uris=;metastore.thrift.uris=null;hive.additional.config.files=;hive.metastore.ds.retry.attempts=null;hive.metastore.ds.retry.interval=null;hive.aux.jars.path=null;hive.metastore.schema.verification=true;hive.conf.validation=true;hive.conf.restricted.list=hive.security.authenticator.manager,hive.security.authorization.manager,hive.security.metastore.authorization.manager,hive.security.metastore.authenticator.manager,hive.users.in.admin.role,hive.server2.xsrf.filter.enabled,hive.security.authorization.enabled,hive.distcp.privileged.doAs,hive.server2.authentication.ldap.baseDN,hive.server2.authentication.ldap.url,hive.server2.authentication.ldap.Domain,hive.server2.authentication.ldap.groupDNPattern,hive.server2.authentication.ldap.groupFilter,hive.server2.authentication.ldap.userDNPattern,hive.server2.authentication.ldap.userFilter,hive.server2.authentication.ldap.groupMembershipKey,hive.server2.authentication.ldap.userMembershipKey,hive.server2.authentication.ldap.groupClassKey,hive.server2.authentication.ldap.customLDAPQuery,hive.server2.service.users,hive.server2.graceful.stop.timeout,hive.privilege.synchronizer,hive.privilege.synchronizer.interval,hive.query.max.length,hive.druid.broker.address.default,hive.druid.coordinator.address.default,hikaricp.,hadoop.bin.path,yarn.bin.path,hive.driver.parallel.compilation.global.limit,hive.zookeeper.ssl.keystore.location,hive.zookeeper.ssl.keystore.password,hive.zookeeper.ssl.truststore.location,hive.zookeeper.ssl.truststore.password;hive.conf.internal.variable.list=hive.added.files.path,hive.added.jars.path,hive.added.archives.path;hive.conf.hidden.list=javax.jdo.option.ConnectionPassword,hive.server2.keystore.password,hive.server2.webui.keystore.password,hive.druid.metadata.password,fs.s3.awsAccessKeyId,fs.s3.awsSecretAccessKey,fs.s3n.awsAccessKeyId,fs.s3n.awsSecretAccessKey,fs.s3a.access.key,fs.s3a.secret.key,fs.s3a.proxy.password,dfs.adls.oauth2.credential,fs.adl.oauth2.credential,fs.azure.account.oauth2.client.secret,hive.zookeeper.ssl.keystore.location,hive.zookeeper.ssl.keystore.password,hive.zookeeper.ssl.truststore.location,hive.zookeeper.ssl.truststore.password;hive.druid.http.numConnection=20;hive.druid.http.read.timeout=PT1M;hive.druid.kerberos.enable=true;]
org.apache.hadoop.hive.druid.TestDruidStorageHandler#testCommitInsertIntoWhenDestinationSegmentFileExist,14,[hive.metastore.uris=;metastore.thrift.uris=null;hive.additional.config.files=;hive.metastore.ds.retry.attempts=null;hive.metastore.ds.retry.interval=null;hive.aux.jars.path=null;hive.metastore.schema.verification=true;hive.conf.validation=true;hive.conf.restricted.list=hive.security.authenticator.manager,hive.security.authorization.manager,hive.security.metastore.authorization.manager,hive.security.metastore.authenticator.manager,hive.users.in.admin.role,hive.server2.xsrf.filter.enabled,hive.security.authorization.enabled,hive.distcp.privileged.doAs,hive.server2.authentication.ldap.baseDN,hive.server2.authentication.ldap.url,hive.server2.authentication.ldap.Domain,hive.server2.authentication.ldap.groupDNPattern,hive.server2.authentication.ldap.groupFilter,hive.server2.authentication.ldap.userDNPattern,hive.server2.authentication.ldap.userFilter,hive.server2.authentication.ldap.groupMembershipKey,hive.server2.authentication.ldap.userMembershipKey,hive.server2.authentication.ldap.groupClassKey,hive.server2.authentication.ldap.customLDAPQuery,hive.server2.service.users,hive.server2.graceful.stop.timeout,hive.privilege.synchronizer,hive.privilege.synchronizer.interval,hive.query.max.length,hive.druid.broker.address.default,hive.druid.coordinator.address.default,hikaricp.,hadoop.bin.path,yarn.bin.path,hive.driver.parallel.compilation.global.limit,hive.zookeeper.ssl.keystore.location,hive.zookeeper.ssl.keystore.password,hive.zookeeper.ssl.truststore.location,hive.zookeeper.ssl.truststore.password;hive.conf.internal.variable.list=hive.added.files.path,hive.added.jars.path,hive.added.archives.path;hive.conf.hidden.list=javax.jdo.option.ConnectionPassword,hive.server2.keystore.password,hive.server2.webui.keystore.password,hive.druid.metadata.password,fs.s3.awsAccessKeyId,fs.s3.awsSecretAccessKey,fs.s3n.awsAccessKeyId,fs.s3n.awsSecretAccessKey,fs.s3a.access.key,fs.s3a.secret.key,fs.s3a.proxy.password,dfs.adls.oauth2.credential,fs.adl.oauth2.credential,fs.azure.account.oauth2.client.secret,hive.zookeeper.ssl.keystore.location,hive.zookeeper.ssl.keystore.password,hive.zookeeper.ssl.truststore.location,hive.zookeeper.ssl.truststore.password;hive.druid.http.numConnection=20;hive.druid.http.read.timeout=PT1M;hive.druid.kerberos.enable=true;]
org.apache.hadoop.hive.druid.TestDruidStorageHandler#testDeleteSegment,14,[hive.metastore.uris=;metastore.thrift.uris=null;hive.additional.config.files=;hive.metastore.ds.retry.attempts=null;hive.metastore.ds.retry.interval=null;hive.aux.jars.path=null;hive.metastore.schema.verification=true;hive.conf.validation=true;hive.conf.restricted.list=hive.security.authenticator.manager,hive.security.authorization.manager,hive.security.metastore.authorization.manager,hive.security.metastore.authenticator.manager,hive.users.in.admin.role,hive.server2.xsrf.filter.enabled,hive.security.authorization.enabled,hive.distcp.privileged.doAs,hive.server2.authentication.ldap.baseDN,hive.server2.authentication.ldap.url,hive.server2.authentication.ldap.Domain,hive.server2.authentication.ldap.groupDNPattern,hive.server2.authentication.ldap.groupFilter,hive.server2.authentication.ldap.userDNPattern,hive.server2.authentication.ldap.userFilter,hive.server2.authentication.ldap.groupMembershipKey,hive.server2.authentication.ldap.userMembershipKey,hive.server2.authentication.ldap.groupClassKey,hive.server2.authentication.ldap.customLDAPQuery,hive.server2.service.users,hive.server2.graceful.stop.timeout,hive.privilege.synchronizer,hive.privilege.synchronizer.interval,hive.query.max.length,hive.druid.broker.address.default,hive.druid.coordinator.address.default,hikaricp.,hadoop.bin.path,yarn.bin.path,hive.driver.parallel.compilation.global.limit,hive.zookeeper.ssl.keystore.location,hive.zookeeper.ssl.keystore.password,hive.zookeeper.ssl.truststore.location,hive.zookeeper.ssl.truststore.password;hive.conf.internal.variable.list=hive.added.files.path,hive.added.jars.path,hive.added.archives.path;hive.conf.hidden.list=javax.jdo.option.ConnectionPassword,hive.server2.keystore.password,hive.server2.webui.keystore.password,hive.druid.metadata.password,fs.s3.awsAccessKeyId,fs.s3.awsSecretAccessKey,fs.s3n.awsAccessKeyId,fs.s3n.awsSecretAccessKey,fs.s3a.access.key,fs.s3a.secret.key,fs.s3a.proxy.password,dfs.adls.oauth2.credential,fs.adl.oauth2.credential,fs.azure.account.oauth2.client.secret,hive.zookeeper.ssl.keystore.location,hive.zookeeper.ssl.keystore.password,hive.zookeeper.ssl.truststore.location,hive.zookeeper.ssl.truststore.password;hive.druid.http.numConnection=20;hive.druid.http.read.timeout=PT1M;hive.druid.kerberos.enable=true;]
org.apache.hadoop.hive.druid.TestDruidStorageHandler#testCommitCreateTablePlusCommitDropTableWithPurge,14,[hive.metastore.uris=;metastore.thrift.uris=null;hive.additional.config.files=;hive.metastore.ds.retry.attempts=null;hive.metastore.ds.retry.interval=null;hive.aux.jars.path=null;hive.metastore.schema.verification=true;hive.conf.validation=true;hive.conf.restricted.list=hive.security.authenticator.manager,hive.security.authorization.manager,hive.security.metastore.authorization.manager,hive.security.metastore.authenticator.manager,hive.users.in.admin.role,hive.server2.xsrf.filter.enabled,hive.security.authorization.enabled,hive.distcp.privileged.doAs,hive.server2.authentication.ldap.baseDN,hive.server2.authentication.ldap.url,hive.server2.authentication.ldap.Domain,hive.server2.authentication.ldap.groupDNPattern,hive.server2.authentication.ldap.groupFilter,hive.server2.authentication.ldap.userDNPattern,hive.server2.authentication.ldap.userFilter,hive.server2.authentication.ldap.groupMembershipKey,hive.server2.authentication.ldap.userMembershipKey,hive.server2.authentication.ldap.groupClassKey,hive.server2.authentication.ldap.customLDAPQuery,hive.server2.service.users,hive.server2.graceful.stop.timeout,hive.privilege.synchronizer,hive.privilege.synchronizer.interval,hive.query.max.length,hive.druid.broker.address.default,hive.druid.coordinator.address.default,hikaricp.,hadoop.bin.path,yarn.bin.path,hive.driver.parallel.compilation.global.limit,hive.zookeeper.ssl.keystore.location,hive.zookeeper.ssl.keystore.password,hive.zookeeper.ssl.truststore.location,hive.zookeeper.ssl.truststore.password;hive.conf.internal.variable.list=hive.added.files.path,hive.added.jars.path,hive.added.archives.path;hive.conf.hidden.list=javax.jdo.option.ConnectionPassword,hive.server2.keystore.password,hive.server2.webui.keystore.password,hive.druid.metadata.password,fs.s3.awsAccessKeyId,fs.s3.awsSecretAccessKey,fs.s3n.awsAccessKeyId,fs.s3n.awsSecretAccessKey,fs.s3a.access.key,fs.s3a.secret.key,fs.s3a.proxy.password,dfs.adls.oauth2.credential,fs.adl.oauth2.credential,fs.azure.account.oauth2.client.secret,hive.zookeeper.ssl.keystore.location,hive.zookeeper.ssl.keystore.password,hive.zookeeper.ssl.truststore.location,hive.zookeeper.ssl.truststore.password;hive.druid.http.numConnection=20;hive.druid.http.read.timeout=PT1M;hive.druid.kerberos.enable=true;]
org.apache.hadoop.hive.druid.TestDruidStorageHandler#testCommitInsertIntoWithNonExtendableSegment,14,[hive.metastore.uris=;metastore.thrift.uris=null;hive.additional.config.files=;hive.metastore.ds.retry.attempts=null;hive.metastore.ds.retry.interval=null;hive.aux.jars.path=null;hive.metastore.schema.verification=true;hive.conf.validation=true;hive.conf.restricted.list=hive.security.authenticator.manager,hive.security.authorization.manager,hive.security.metastore.authorization.manager,hive.security.metastore.authenticator.manager,hive.users.in.admin.role,hive.server2.xsrf.filter.enabled,hive.security.authorization.enabled,hive.distcp.privileged.doAs,hive.server2.authentication.ldap.baseDN,hive.server2.authentication.ldap.url,hive.server2.authentication.ldap.Domain,hive.server2.authentication.ldap.groupDNPattern,hive.server2.authentication.ldap.groupFilter,hive.server2.authentication.ldap.userDNPattern,hive.server2.authentication.ldap.userFilter,hive.server2.authentication.ldap.groupMembershipKey,hive.server2.authentication.ldap.userMembershipKey,hive.server2.authentication.ldap.groupClassKey,hive.server2.authentication.ldap.customLDAPQuery,hive.server2.service.users,hive.server2.graceful.stop.timeout,hive.privilege.synchronizer,hive.privilege.synchronizer.interval,hive.query.max.length,hive.druid.broker.address.default,hive.druid.coordinator.address.default,hikaricp.,hadoop.bin.path,yarn.bin.path,hive.driver.parallel.compilation.global.limit,hive.zookeeper.ssl.keystore.location,hive.zookeeper.ssl.keystore.password,hive.zookeeper.ssl.truststore.location,hive.zookeeper.ssl.truststore.password;hive.conf.internal.variable.list=hive.added.files.path,hive.added.jars.path,hive.added.archives.path;hive.conf.hidden.list=javax.jdo.option.ConnectionPassword,hive.server2.keystore.password,hive.server2.webui.keystore.password,hive.druid.metadata.password,fs.s3.awsAccessKeyId,fs.s3.awsSecretAccessKey,fs.s3n.awsAccessKeyId,fs.s3n.awsSecretAccessKey,fs.s3a.access.key,fs.s3a.secret.key,fs.s3a.proxy.password,dfs.adls.oauth2.credential,fs.adl.oauth2.credential,fs.azure.account.oauth2.client.secret,hive.zookeeper.ssl.keystore.location,hive.zookeeper.ssl.keystore.password,hive.zookeeper.ssl.truststore.location,hive.zookeeper.ssl.truststore.password;hive.druid.http.numConnection=20;hive.druid.http.read.timeout=PT1M;hive.druid.kerberos.enable=true;]
org.apache.hadoop.hive.druid.TestDruidStorageHandler#testCommitInsertTable,14,[hive.metastore.uris=;metastore.thrift.uris=null;hive.additional.config.files=;hive.metastore.ds.retry.attempts=null;hive.metastore.ds.retry.interval=null;hive.aux.jars.path=null;hive.metastore.schema.verification=true;hive.conf.validation=true;hive.conf.restricted.list=hive.security.authenticator.manager,hive.security.authorization.manager,hive.security.metastore.authorization.manager,hive.security.metastore.authenticator.manager,hive.users.in.admin.role,hive.server2.xsrf.filter.enabled,hive.security.authorization.enabled,hive.distcp.privileged.doAs,hive.server2.authentication.ldap.baseDN,hive.server2.authentication.ldap.url,hive.server2.authentication.ldap.Domain,hive.server2.authentication.ldap.groupDNPattern,hive.server2.authentication.ldap.groupFilter,hive.server2.authentication.ldap.userDNPattern,hive.server2.authentication.ldap.userFilter,hive.server2.authentication.ldap.groupMembershipKey,hive.server2.authentication.ldap.userMembershipKey,hive.server2.authentication.ldap.groupClassKey,hive.server2.authentication.ldap.customLDAPQuery,hive.server2.service.users,hive.server2.graceful.stop.timeout,hive.privilege.synchronizer,hive.privilege.synchronizer.interval,hive.query.max.length,hive.druid.broker.address.default,hive.druid.coordinator.address.default,hikaricp.,hadoop.bin.path,yarn.bin.path,hive.driver.parallel.compilation.global.limit,hive.zookeeper.ssl.keystore.location,hive.zookeeper.ssl.keystore.password,hive.zookeeper.ssl.truststore.location,hive.zookeeper.ssl.truststore.password;hive.conf.internal.variable.list=hive.added.files.path,hive.added.jars.path,hive.added.archives.path;hive.conf.hidden.list=javax.jdo.option.ConnectionPassword,hive.server2.keystore.password,hive.server2.webui.keystore.password,hive.druid.metadata.password,fs.s3.awsAccessKeyId,fs.s3.awsSecretAccessKey,fs.s3n.awsAccessKeyId,fs.s3n.awsSecretAccessKey,fs.s3a.access.key,fs.s3a.secret.key,fs.s3a.proxy.password,dfs.adls.oauth2.credential,fs.adl.oauth2.credential,fs.azure.account.oauth2.client.secret,hive.zookeeper.ssl.keystore.location,hive.zookeeper.ssl.keystore.password,hive.zookeeper.ssl.truststore.location,hive.zookeeper.ssl.truststore.password;hive.druid.http.numConnection=20;hive.druid.http.read.timeout=PT1M;hive.druid.kerberos.enable=true;]
org.apache.hadoop.hive.druid.TestDruidStorageHandler#testCommitEmptyInsertTable,14,[hive.metastore.uris=;metastore.thrift.uris=null;hive.additional.config.files=;hive.metastore.ds.retry.attempts=null;hive.metastore.ds.retry.interval=null;hive.aux.jars.path=null;hive.metastore.schema.verification=true;hive.conf.validation=true;hive.conf.restricted.list=hive.security.authenticator.manager,hive.security.authorization.manager,hive.security.metastore.authorization.manager,hive.security.metastore.authenticator.manager,hive.users.in.admin.role,hive.server2.xsrf.filter.enabled,hive.security.authorization.enabled,hive.distcp.privileged.doAs,hive.server2.authentication.ldap.baseDN,hive.server2.authentication.ldap.url,hive.server2.authentication.ldap.Domain,hive.server2.authentication.ldap.groupDNPattern,hive.server2.authentication.ldap.groupFilter,hive.server2.authentication.ldap.userDNPattern,hive.server2.authentication.ldap.userFilter,hive.server2.authentication.ldap.groupMembershipKey,hive.server2.authentication.ldap.userMembershipKey,hive.server2.authentication.ldap.groupClassKey,hive.server2.authentication.ldap.customLDAPQuery,hive.server2.service.users,hive.server2.graceful.stop.timeout,hive.privilege.synchronizer,hive.privilege.synchronizer.interval,hive.query.max.length,hive.druid.broker.address.default,hive.druid.coordinator.address.default,hikaricp.,hadoop.bin.path,yarn.bin.path,hive.driver.parallel.compilation.global.limit,hive.zookeeper.ssl.keystore.location,hive.zookeeper.ssl.keystore.password,hive.zookeeper.ssl.truststore.location,hive.zookeeper.ssl.truststore.password;hive.conf.internal.variable.list=hive.added.files.path,hive.added.jars.path,hive.added.archives.path;hive.conf.hidden.list=javax.jdo.option.ConnectionPassword,hive.server2.keystore.password,hive.server2.webui.keystore.password,hive.druid.metadata.password,fs.s3.awsAccessKeyId,fs.s3.awsSecretAccessKey,fs.s3n.awsAccessKeyId,fs.s3n.awsSecretAccessKey,fs.s3a.access.key,fs.s3a.secret.key,fs.s3a.proxy.password,dfs.adls.oauth2.credential,fs.adl.oauth2.credential,fs.azure.account.oauth2.client.secret,hive.zookeeper.ssl.keystore.location,hive.zookeeper.ssl.keystore.password,hive.zookeeper.ssl.truststore.location,hive.zookeeper.ssl.truststore.password;hive.druid.http.numConnection=20;hive.druid.http.read.timeout=PT1M;hive.druid.kerberos.enable=true;]
org.apache.hadoop.hive.druid.TestDruidStorageHandler#testCommitMultiInsertOverwriteTable,14,[hive.metastore.uris=;metastore.thrift.uris=null;hive.additional.config.files=;hive.metastore.ds.retry.attempts=null;hive.metastore.ds.retry.interval=null;hive.aux.jars.path=null;hive.metastore.schema.verification=true;hive.conf.validation=true;hive.conf.restricted.list=hive.security.authenticator.manager,hive.security.authorization.manager,hive.security.metastore.authorization.manager,hive.security.metastore.authenticator.manager,hive.users.in.admin.role,hive.server2.xsrf.filter.enabled,hive.security.authorization.enabled,hive.distcp.privileged.doAs,hive.server2.authentication.ldap.baseDN,hive.server2.authentication.ldap.url,hive.server2.authentication.ldap.Domain,hive.server2.authentication.ldap.groupDNPattern,hive.server2.authentication.ldap.groupFilter,hive.server2.authentication.ldap.userDNPattern,hive.server2.authentication.ldap.userFilter,hive.server2.authentication.ldap.groupMembershipKey,hive.server2.authentication.ldap.userMembershipKey,hive.server2.authentication.ldap.groupClassKey,hive.server2.authentication.ldap.customLDAPQuery,hive.server2.service.users,hive.server2.graceful.stop.timeout,hive.privilege.synchronizer,hive.privilege.synchronizer.interval,hive.query.max.length,hive.druid.broker.address.default,hive.druid.coordinator.address.default,hikaricp.,hadoop.bin.path,yarn.bin.path,hive.driver.parallel.compilation.global.limit,hive.zookeeper.ssl.keystore.location,hive.zookeeper.ssl.keystore.password,hive.zookeeper.ssl.truststore.location,hive.zookeeper.ssl.truststore.password;hive.conf.internal.variable.list=hive.added.files.path,hive.added.jars.path,hive.added.archives.path;hive.conf.hidden.list=javax.jdo.option.ConnectionPassword,hive.server2.keystore.password,hive.server2.webui.keystore.password,hive.druid.metadata.password,fs.s3.awsAccessKeyId,fs.s3.awsSecretAccessKey,fs.s3n.awsAccessKeyId,fs.s3n.awsSecretAccessKey,fs.s3a.access.key,fs.s3a.secret.key,fs.s3a.proxy.password,dfs.adls.oauth2.credential,fs.adl.oauth2.credential,fs.azure.account.oauth2.client.secret,hive.zookeeper.ssl.keystore.location,hive.zookeeper.ssl.keystore.password,hive.zookeeper.ssl.truststore.location,hive.zookeeper.ssl.truststore.password;hive.druid.http.numConnection=20;hive.druid.http.read.timeout=PT1M;hive.druid.kerberos.enable=true;]
org.apache.hadoop.hive.druid.TestDruidStorageHandler#testCommitInsertIntoTable,14,[hive.metastore.uris=;metastore.thrift.uris=null;hive.additional.config.files=;hive.metastore.ds.retry.attempts=null;hive.metastore.ds.retry.interval=null;hive.aux.jars.path=null;hive.metastore.schema.verification=true;hive.conf.validation=true;hive.conf.restricted.list=hive.security.authenticator.manager,hive.security.authorization.manager,hive.security.metastore.authorization.manager,hive.security.metastore.authenticator.manager,hive.users.in.admin.role,hive.server2.xsrf.filter.enabled,hive.security.authorization.enabled,hive.distcp.privileged.doAs,hive.server2.authentication.ldap.baseDN,hive.server2.authentication.ldap.url,hive.server2.authentication.ldap.Domain,hive.server2.authentication.ldap.groupDNPattern,hive.server2.authentication.ldap.groupFilter,hive.server2.authentication.ldap.userDNPattern,hive.server2.authentication.ldap.userFilter,hive.server2.authentication.ldap.groupMembershipKey,hive.server2.authentication.ldap.userMembershipKey,hive.server2.authentication.ldap.groupClassKey,hive.server2.authentication.ldap.customLDAPQuery,hive.server2.service.users,hive.server2.graceful.stop.timeout,hive.privilege.synchronizer,hive.privilege.synchronizer.interval,hive.query.max.length,hive.druid.broker.address.default,hive.druid.coordinator.address.default,hikaricp.,hadoop.bin.path,yarn.bin.path,hive.driver.parallel.compilation.global.limit,hive.zookeeper.ssl.keystore.location,hive.zookeeper.ssl.keystore.password,hive.zookeeper.ssl.truststore.location,hive.zookeeper.ssl.truststore.password;hive.conf.internal.variable.list=hive.added.files.path,hive.added.jars.path,hive.added.archives.path;hive.conf.hidden.list=javax.jdo.option.ConnectionPassword,hive.server2.keystore.password,hive.server2.webui.keystore.password,hive.druid.metadata.password,fs.s3.awsAccessKeyId,fs.s3.awsSecretAccessKey,fs.s3n.awsAccessKeyId,fs.s3n.awsSecretAccessKey,fs.s3a.access.key,fs.s3a.secret.key,fs.s3a.proxy.password,dfs.adls.oauth2.credential,fs.adl.oauth2.credential,fs.azure.account.oauth2.client.secret,hive.zookeeper.ssl.keystore.location,hive.zookeeper.ssl.keystore.password,hive.zookeeper.ssl.truststore.location,hive.zookeeper.ssl.truststore.password;hive.druid.http.numConnection=20;hive.druid.http.read.timeout=PT1M;hive.druid.kerberos.enable=true;]
org.apache.hadoop.hive.druid.TestDruidStorageHandler#testCommitCreateEmptyTablePlusCommitDropTableWithPurge,14,[hive.metastore.uris=;metastore.thrift.uris=null;hive.additional.config.files=;hive.metastore.ds.retry.attempts=null;hive.metastore.ds.retry.interval=null;hive.aux.jars.path=null;hive.metastore.schema.verification=true;hive.conf.validation=true;hive.conf.restricted.list=hive.security.authenticator.manager,hive.security.authorization.manager,hive.security.metastore.authorization.manager,hive.security.metastore.authenticator.manager,hive.users.in.admin.role,hive.server2.xsrf.filter.enabled,hive.security.authorization.enabled,hive.distcp.privileged.doAs,hive.server2.authentication.ldap.baseDN,hive.server2.authentication.ldap.url,hive.server2.authentication.ldap.Domain,hive.server2.authentication.ldap.groupDNPattern,hive.server2.authentication.ldap.groupFilter,hive.server2.authentication.ldap.userDNPattern,hive.server2.authentication.ldap.userFilter,hive.server2.authentication.ldap.groupMembershipKey,hive.server2.authentication.ldap.userMembershipKey,hive.server2.authentication.ldap.groupClassKey,hive.server2.authentication.ldap.customLDAPQuery,hive.server2.service.users,hive.server2.graceful.stop.timeout,hive.privilege.synchronizer,hive.privilege.synchronizer.interval,hive.query.max.length,hive.druid.broker.address.default,hive.druid.coordinator.address.default,hikaricp.,hadoop.bin.path,yarn.bin.path,hive.driver.parallel.compilation.global.limit,hive.zookeeper.ssl.keystore.location,hive.zookeeper.ssl.keystore.password,hive.zookeeper.ssl.truststore.location,hive.zookeeper.ssl.truststore.password;hive.conf.internal.variable.list=hive.added.files.path,hive.added.jars.path,hive.added.archives.path;hive.conf.hidden.list=javax.jdo.option.ConnectionPassword,hive.server2.keystore.password,hive.server2.webui.keystore.password,hive.druid.metadata.password,fs.s3.awsAccessKeyId,fs.s3.awsSecretAccessKey,fs.s3n.awsAccessKeyId,fs.s3n.awsSecretAccessKey,fs.s3a.access.key,fs.s3a.secret.key,fs.s3a.proxy.password,dfs.adls.oauth2.credential,fs.adl.oauth2.credential,fs.azure.account.oauth2.client.secret,hive.zookeeper.ssl.keystore.location,hive.zookeeper.ssl.keystore.password,hive.zookeeper.ssl.truststore.location,hive.zookeeper.ssl.truststore.password;hive.druid.http.numConnection=20;hive.druid.http.read.timeout=PT1M;hive.druid.kerberos.enable=true;]
org.apache.hadoop.hive.druid.TestDruidStorageHandler#testCommitInsertIntoWithConflictingIntervalSegment,14,[hive.metastore.uris=;metastore.thrift.uris=null;hive.additional.config.files=;hive.metastore.ds.retry.attempts=null;hive.metastore.ds.retry.interval=null;hive.aux.jars.path=null;hive.metastore.schema.verification=true;hive.conf.validation=true;hive.conf.restricted.list=hive.security.authenticator.manager,hive.security.authorization.manager,hive.security.metastore.authorization.manager,hive.security.metastore.authenticator.manager,hive.users.in.admin.role,hive.server2.xsrf.filter.enabled,hive.security.authorization.enabled,hive.distcp.privileged.doAs,hive.server2.authentication.ldap.baseDN,hive.server2.authentication.ldap.url,hive.server2.authentication.ldap.Domain,hive.server2.authentication.ldap.groupDNPattern,hive.server2.authentication.ldap.groupFilter,hive.server2.authentication.ldap.userDNPattern,hive.server2.authentication.ldap.userFilter,hive.server2.authentication.ldap.groupMembershipKey,hive.server2.authentication.ldap.userMembershipKey,hive.server2.authentication.ldap.groupClassKey,hive.server2.authentication.ldap.customLDAPQuery,hive.server2.service.users,hive.server2.graceful.stop.timeout,hive.privilege.synchronizer,hive.privilege.synchronizer.interval,hive.query.max.length,hive.druid.broker.address.default,hive.druid.coordinator.address.default,hikaricp.,hadoop.bin.path,yarn.bin.path,hive.driver.parallel.compilation.global.limit,hive.zookeeper.ssl.keystore.location,hive.zookeeper.ssl.keystore.password,hive.zookeeper.ssl.truststore.location,hive.zookeeper.ssl.truststore.password;hive.conf.internal.variable.list=hive.added.files.path,hive.added.jars.path,hive.added.archives.path;hive.conf.hidden.list=javax.jdo.option.ConnectionPassword,hive.server2.keystore.password,hive.server2.webui.keystore.password,hive.druid.metadata.password,fs.s3.awsAccessKeyId,fs.s3.awsSecretAccessKey,fs.s3n.awsAccessKeyId,fs.s3n.awsSecretAccessKey,fs.s3a.access.key,fs.s3a.secret.key,fs.s3a.proxy.password,dfs.adls.oauth2.credential,fs.adl.oauth2.credential,fs.azure.account.oauth2.client.secret,hive.zookeeper.ssl.keystore.location,hive.zookeeper.ssl.keystore.password,hive.zookeeper.ssl.truststore.location,hive.zookeeper.ssl.truststore.password;hive.druid.http.numConnection=20;hive.druid.http.read.timeout=PT1M;hive.druid.kerberos.enable=true;]
org.apache.hadoop.hive.druid.TestDruidStorageHandler#testInsertIntoAppendOneMorePartition,14,[hive.metastore.uris=;metastore.thrift.uris=null;hive.additional.config.files=;hive.metastore.ds.retry.attempts=null;hive.metastore.ds.retry.interval=null;hive.aux.jars.path=null;hive.metastore.schema.verification=true;hive.conf.validation=true;hive.conf.restricted.list=hive.security.authenticator.manager,hive.security.authorization.manager,hive.security.metastore.authorization.manager,hive.security.metastore.authenticator.manager,hive.users.in.admin.role,hive.server2.xsrf.filter.enabled,hive.security.authorization.enabled,hive.distcp.privileged.doAs,hive.server2.authentication.ldap.baseDN,hive.server2.authentication.ldap.url,hive.server2.authentication.ldap.Domain,hive.server2.authentication.ldap.groupDNPattern,hive.server2.authentication.ldap.groupFilter,hive.server2.authentication.ldap.userDNPattern,hive.server2.authentication.ldap.userFilter,hive.server2.authentication.ldap.groupMembershipKey,hive.server2.authentication.ldap.userMembershipKey,hive.server2.authentication.ldap.groupClassKey,hive.server2.authentication.ldap.customLDAPQuery,hive.server2.service.users,hive.server2.graceful.stop.timeout,hive.privilege.synchronizer,hive.privilege.synchronizer.interval,hive.query.max.length,hive.druid.broker.address.default,hive.druid.coordinator.address.default,hikaricp.,hadoop.bin.path,yarn.bin.path,hive.driver.parallel.compilation.global.limit,hive.zookeeper.ssl.keystore.location,hive.zookeeper.ssl.keystore.password,hive.zookeeper.ssl.truststore.location,hive.zookeeper.ssl.truststore.password;hive.conf.internal.variable.list=hive.added.files.path,hive.added.jars.path,hive.added.archives.path;hive.conf.hidden.list=javax.jdo.option.ConnectionPassword,hive.server2.keystore.password,hive.server2.webui.keystore.password,hive.druid.metadata.password,fs.s3.awsAccessKeyId,fs.s3.awsSecretAccessKey,fs.s3n.awsAccessKeyId,fs.s3n.awsSecretAccessKey,fs.s3a.access.key,fs.s3a.secret.key,fs.s3a.proxy.password,dfs.adls.oauth2.credential,fs.adl.oauth2.credential,fs.azure.account.oauth2.client.secret,hive.zookeeper.ssl.keystore.location,hive.zookeeper.ssl.keystore.password,hive.zookeeper.ssl.truststore.location,hive.zookeeper.ssl.truststore.password;hive.druid.http.numConnection=20;hive.druid.http.read.timeout=PT1M;hive.druid.kerberos.enable=true;]
org.apache.hadoop.hive.druid.TestDruidStorageHandler#testPreCreateTableWillCreateSegmentsTable,14,[hive.metastore.uris=;metastore.thrift.uris=null;hive.additional.config.files=;hive.metastore.ds.retry.attempts=null;hive.metastore.ds.retry.interval=null;hive.aux.jars.path=null;hive.metastore.schema.verification=true;hive.conf.validation=true;hive.conf.restricted.list=hive.security.authenticator.manager,hive.security.authorization.manager,hive.security.metastore.authorization.manager,hive.security.metastore.authenticator.manager,hive.users.in.admin.role,hive.server2.xsrf.filter.enabled,hive.security.authorization.enabled,hive.distcp.privileged.doAs,hive.server2.authentication.ldap.baseDN,hive.server2.authentication.ldap.url,hive.server2.authentication.ldap.Domain,hive.server2.authentication.ldap.groupDNPattern,hive.server2.authentication.ldap.groupFilter,hive.server2.authentication.ldap.userDNPattern,hive.server2.authentication.ldap.userFilter,hive.server2.authentication.ldap.groupMembershipKey,hive.server2.authentication.ldap.userMembershipKey,hive.server2.authentication.ldap.groupClassKey,hive.server2.authentication.ldap.customLDAPQuery,hive.server2.service.users,hive.server2.graceful.stop.timeout,hive.privilege.synchronizer,hive.privilege.synchronizer.interval,hive.query.max.length,hive.druid.broker.address.default,hive.druid.coordinator.address.default,hikaricp.,hadoop.bin.path,yarn.bin.path,hive.driver.parallel.compilation.global.limit,hive.zookeeper.ssl.keystore.location,hive.zookeeper.ssl.keystore.password,hive.zookeeper.ssl.truststore.location,hive.zookeeper.ssl.truststore.password;hive.conf.internal.variable.list=hive.added.files.path,hive.added.jars.path,hive.added.archives.path;hive.conf.hidden.list=javax.jdo.option.ConnectionPassword,hive.server2.keystore.password,hive.server2.webui.keystore.password,hive.druid.metadata.password,fs.s3.awsAccessKeyId,fs.s3.awsSecretAccessKey,fs.s3n.awsAccessKeyId,fs.s3n.awsSecretAccessKey,fs.s3a.access.key,fs.s3a.secret.key,fs.s3a.proxy.password,dfs.adls.oauth2.credential,fs.adl.oauth2.credential,fs.azure.account.oauth2.client.secret,hive.zookeeper.ssl.keystore.location,hive.zookeeper.ssl.keystore.password,hive.zookeeper.ssl.truststore.location,hive.zookeeper.ssl.truststore.password;hive.druid.http.numConnection=20;hive.druid.http.read.timeout=PT1M;hive.druid.kerberos.enable=true;]
